Country Name,Country Code,Indicator Name,Indicator Code,Theme,Indicator,Year,Value
Malaysia,MYS,Deposit interest rate (%),FR.INR.DPST,Financial System Support,Deposit Rate,2000,3.3625
Malaysia,MYS,Deposit interest rate (%),FR.INR.DPST,Financial System Support,Deposit Rate,2001,3.374166667
Malaysia,MYS,Deposit interest rate (%),FR.INR.DPST,Financial System Support,Deposit Rate,2002,3.205
Malaysia,MYS,Deposit interest rate (%),FR.INR.DPST,Financial System Support,Deposit Rate,2003,3.066666667
Malaysia,MYS,Deposit interest rate (%),FR.INR.DPST,Financial System Support,Deposit Rate,2004,3.0
Malaysia,MYS,Deposit interest rate (%),FR.INR.DPST,Financial System Support,Deposit Rate,2005,3.001666667
Malaysia,MYS,Deposit interest rate (%),FR.INR.DPST,Financial System Support,Deposit Rate,2006,3.149166667
Malaysia,MYS,Deposit interest rate (%),FR.INR.DPST,Financial System Support,Deposit Rate,2007,3.165833333
Malaysia,MYS,Deposit interest rate (%),FR.INR.DPST,Financial System Support,Deposit Rate,2008,3.125833333
Malaysia,MYS,Deposit interest rate (%),FR.INR.DPST,Financial System Support,Deposit Rate,2009,2.081666667
Malaysia,MYS,Deposit interest rate (%),FR.INR.DPST,Financial System Support,Deposit Rate,2010,2.5025
Malaysia,MYS,Deposit interest rate (%),FR.INR.DPST,Financial System Support,Deposit Rate,2011,2.910833333
Malaysia,MYS,Deposit interest rate (%),FR.INR.DPST,Financial System Support,Deposit Rate,2012,2.980833333
Malaysia,MYS,Deposit interest rate (%),FR.INR.DPST,Financial System Support,Deposit Rate,2013,2.97
Malaysia,MYS,Deposit interest rate (%),FR.INR.DPST,Financial System Support,Deposit Rate,2014,3.048107787
Malaysia,MYS,Deposit interest rate (%),FR.INR.DPST,Financial System Support,Deposit Rate,2015,3.134487179
Malaysia,MYS,Deposit interest rate (%),FR.INR.DPST,Financial System Support,Deposit Rate,2016,3.02803563
Malaysia,MYS,Deposit interest rate (%),FR.INR.DPST,Financial System Support,Deposit Rate,2017,2.924518667
Malaysia,MYS,Deposit interest rate (%),FR.INR.DPST,Financial System Support,Deposit Rate,2018,3.143443722
Malaysia,MYS,Deposit interest rate (%),FR.INR.DPST,Financial System Support,Deposit Rate,2019,2.983390625
Malaysia,MYS,Deposit interest rate (%),FR.INR.DPST,Financial System Support,Deposit Rate,2020,1.954976736
Malaysia,MYS,Deposit interest rate (%),FR.INR.DPST,Financial System Support,Deposit Rate,2021,1.561721181
Malaysia,MYS,Deposit interest rate (%),FR.INR.DPST,Financial System Support,Deposit Rate,2022,1.94905
Malaysia,MYS,Deposit interest rate (%),FR.INR.DPST,Financial System Support,Deposit Rate,2023,2.650416667
Malaysia,MYS,Deposit interest rate (%),FR.INR.DPST,Financial System Support,Deposit Rate,2024,2.647115459
Malaysia,MYS,Domestic credit to private sector by banks (% of GDP),FD.AST.PRVT.GD.ZS,Financial System Support,Domestic Credit,2000,126.7293384
Malaysia,MYS,Domestic credit to private sector by banks (% of GDP),FD.AST.PRVT.GD.ZS,Financial System Support,Domestic Credit,2001,127.2322058
Malaysia,MYS,Domestic credit to private sector by banks (% of GDP),FD.AST.PRVT.GD.ZS,Financial System Support,Domestic Credit,2002,121.3519168
Malaysia,MYS,Domestic credit to private sector by banks (% of GDP),FD.AST.PRVT.GD.ZS,Financial System Support,Domestic Credit,2003,118.5915104
Malaysia,MYS,Domestic credit to private sector by banks (% of GDP),FD.AST.PRVT.GD.ZS,Financial System Support,Domestic Credit,2004,111.6287825
Malaysia,MYS,Domestic credit to private sector by banks (% of GDP),FD.AST.PRVT.GD.ZS,Financial System Support,Domestic Credit,2005,106.2929386
Malaysia,MYS,Domestic credit to private sector by banks (% of GDP),FD.AST.PRVT.GD.ZS,Financial System Support,Domestic Credit,2006,103.4891669
Malaysia,MYS,Domestic credit to private sector by banks (% of GDP),FD.AST.PRVT.GD.ZS,Financial System Support,Domestic Credit,2007,101.4203352
Malaysia,MYS,Domestic credit to private sector by banks (% of GDP),FD.AST.PRVT.GD.ZS,Financial System Support,Domestic Credit,2008,96.60456848
Malaysia,MYS,Domestic credit to private sector by banks (% of GDP),FD.AST.PRVT.GD.ZS,Financial System Support,Domestic Credit,2009,111.447313
Malaysia,MYS,Domestic credit to private sector by banks (% of GDP),FD.AST.PRVT.GD.ZS,Financial System Support,Domestic Credit,2010,107.0374424
Malaysia,MYS,Domestic credit to private sector by banks (% of GDP),FD.AST.PRVT.GD.ZS,Financial System Support,Domestic Credit,2011,108.3549919
Malaysia,MYS,Domestic credit to private sector by banks (% of GDP),FD.AST.PRVT.GD.ZS,Financial System Support,Domestic Credit,2012,114.0542857
Malaysia,MYS,Domestic credit to private sector by banks (% of GDP),FD.AST.PRVT.GD.ZS,Financial System Support,Domestic Credit,2013,119.7929177
Malaysia,MYS,Domestic credit to private sector by banks (% of GDP),FD.AST.PRVT.GD.ZS,Financial System Support,Domestic Credit,2014,120.5286835
Malaysia,MYS,Domestic credit to private sector by banks (% of GDP),FD.AST.PRVT.GD.ZS,Financial System Support,Domestic Credit,2015,123.0651806
Malaysia,MYS,Domestic credit to private sector by banks (% of GDP),FD.AST.PRVT.GD.ZS,Financial System Support,Domestic Credit,2016,121.9354289
Malaysia,MYS,Domestic credit to private sector by banks (% of GDP),FD.AST.PRVT.GD.ZS,Financial System Support,Domestic Credit,2017,117.1273016
Malaysia,MYS,Domestic credit to private sector by banks (% of GDP),FD.AST.PRVT.GD.ZS,Financial System Support,Domestic Credit,2018,120.2461831
Malaysia,MYS,Domestic credit to private sector by banks (% of GDP),FD.AST.PRVT.GD.ZS,Financial System Support,Domestic Credit,2019,120.6783775
Malaysia,MYS,Domestic credit to private sector by banks (% of GDP),FD.AST.PRVT.GD.ZS,Financial System Support,Domestic Credit,2020,133.7857494
Malaysia,MYS,Domestic credit to private sector by banks (% of GDP),FD.AST.PRVT.GD.ZS,Financial System Support,Domestic Credit,2021,127.2319861
Malaysia,MYS,Domestic credit to private sector by banks (% of GDP),FD.AST.PRVT.GD.ZS,Financial System Support,Domestic Credit,2022,113.0457796
Malaysia,MYS,Domestic credit to private sector by banks (% of GDP),FD.AST.PRVT.GD.ZS,Financial System Support,Domestic Credit,2023,117.0750836
Malaysia,MYS,Domestic credit to private sector by banks (% of GDP),FD.AST.PRVT.GD.ZS,Financial System Support,Domestic Credit,2024,116.0838217
Malaysia,MYS,GDP growth (annual %),NY.GDP.MKTP.KD.ZG,Economic Well-being,GDP Growth,2000,8.85886817
Malaysia,MYS,GDP growth (annual %),NY.GDP.MKTP.KD.ZG,Economic Well-being,GDP Growth,2001,0.517675319
Malaysia,MYS,GDP growth (annual %),NY.GDP.MKTP.KD.ZG,Economic Well-being,GDP Growth,2002,5.390988307
Malaysia,MYS,GDP growth (annual %),NY.GDP.MKTP.KD.ZG,Economic Well-being,GDP Growth,2003,5.788499286
Malaysia,MYS,GDP growth (annual %),NY.GDP.MKTP.KD.ZG,Economic Well-being,GDP Growth,2004,6.783437724
Malaysia,MYS,GDP growth (annual %),NY.GDP.MKTP.KD.ZG,Economic Well-being,GDP Growth,2005,5.332139161
Malaysia,MYS,GDP growth (annual %),NY.GDP.MKTP.KD.ZG,Economic Well-being,GDP Growth,2006,5.584847067
Malaysia,MYS,GDP growth (annual %),NY.GDP.MKTP.KD.ZG,Economic Well-being,GDP Growth,2007,6.298785927
Malaysia,MYS,GDP growth (annual %),NY.GDP.MKTP.KD.ZG,Economic Well-being,GDP Growth,2008,4.831769889
Malaysia,MYS,GDP growth (annual %),NY.GDP.MKTP.KD.ZG,Economic Well-being,GDP Growth,2009,-1.513528716
Malaysia,MYS,GDP growth (annual %),NY.GDP.MKTP.KD.ZG,Economic Well-being,GDP Growth,2010,7.424847383
Malaysia,MYS,GDP growth (annual %),NY.GDP.MKTP.KD.ZG,Economic Well-being,GDP Growth,2011,5.293912834
Malaysia,MYS,GDP growth (annual %),NY.GDP.MKTP.KD.ZG,Economic Well-being,GDP Growth,2012,5.473454193
Malaysia,MYS,GDP growth (annual %),NY.GDP.MKTP.KD.ZG,Economic Well-being,GDP Growth,2013,4.693722526
Malaysia,MYS,GDP growth (annual %),NY.GDP.MKTP.KD.ZG,Economic Well-being,GDP Growth,2014,6.006721946
Malaysia,MYS,GDP growth (annual %),NY.GDP.MKTP.KD.ZG,Economic Well-being,GDP Growth,2015,5.091532422
Malaysia,MYS,GDP growth (annual %),NY.GDP.MKTP.KD.ZG,Economic Well-being,GDP Growth,2016,4.449781398
Malaysia,MYS,GDP growth (annual %),NY.GDP.MKTP.KD.ZG,Economic Well-being,GDP Growth,2017,5.81272241
Malaysia,MYS,GDP growth (annual %),NY.GDP.MKTP.KD.ZG,Economic Well-being,GDP Growth,2018,4.843086976
Malaysia,MYS,GDP growth (annual %),NY.GDP.MKTP.KD.ZG,Economic Well-being,GDP Growth,2019,4.413187421
Malaysia,MYS,GDP growth (annual %),NY.GDP.MKTP.KD.ZG,Economic Well-being,GDP Growth,2020,-5.456846584
Malaysia,MYS,GDP growth (annual %),NY.GDP.MKTP.KD.ZG,Economic Well-being,GDP Growth,2021,3.315349544
Malaysia,MYS,GDP growth (annual %),NY.GDP.MKTP.KD.ZG,Economic Well-being,GDP Growth,2022,9.03173723
Malaysia,MYS,GDP growth (annual %),NY.GDP.MKTP.KD.ZG,Economic Well-being,GDP Growth,2023,3.537063804
Malaysia,MYS,GDP growth (annual %),NY.GDP.MKTP.KD.ZG,Economic Well-being,GDP Growth,2024,5.10545921
Malaysia,MYS,Gross domestic savings (% of GDP),NY.GDS.TOTL.ZS,Household Financial Behaviour,Gross Domestic Savings,2000,46.0803982
Malaysia,MYS,Gross domestic savings (% of GDP),NY.GDS.TOTL.ZS,Household Financial Behaviour,Gross Domestic Savings,2001,41.83828305
Malaysia,MYS,Gross domestic savings (% of GDP),NY.GDS.TOTL.ZS,Household Financial Behaviour,Gross Domestic Savings,2002,42.03197699
Malaysia,MYS,Gross domestic savings (% of GDP),NY.GDS.TOTL.ZS,Household Financial Behaviour,Gross Domestic Savings,2003,42.4551483
Malaysia,MYS,Gross domestic savings (% of GDP),NY.GDS.TOTL.ZS,Household Financial Behaviour,Gross Domestic Savings,2004,43.4221851
Malaysia,MYS,Gross domestic savings (% of GDP),NY.GDS.TOTL.ZS,Household Financial Behaviour,Gross Domestic Savings,2005,44.33991074
Malaysia,MYS,Gross domestic savings (% of GDP),NY.GDS.TOTL.ZS,Household Financial Behaviour,Gross Domestic Savings,2006,44.49733907
Malaysia,MYS,Gross domestic savings (% of GDP),NY.GDS.TOTL.ZS,Household Financial Behaviour,Gross Domestic Savings,2007,43.28057835
Malaysia,MYS,Gross domestic savings (% of GDP),NY.GDS.TOTL.ZS,Household Financial Behaviour,Gross Domestic Savings,2008,43.78900421
Malaysia,MYS,Gross domestic savings (% of GDP),NY.GDS.TOTL.ZS,Household Financial Behaviour,Gross Domestic Savings,2009,38.11030824
Malaysia,MYS,Gross domestic savings (% of GDP),NY.GDS.TOTL.ZS,Household Financial Behaviour,Gross Domestic Savings,2010,39.30224461
Malaysia,MYS,Gross domestic savings (% of GDP),NY.GDS.TOTL.ZS,Household Financial Behaviour,Gross Domestic Savings,2011,38.76134789
Malaysia,MYS,Gross domestic savings (% of GDP),NY.GDS.TOTL.ZS,Household Financial Behaviour,Gross Domestic Savings,2012,36.50669445
Malaysia,MYS,Gross domestic savings (% of GDP),NY.GDS.TOTL.ZS,Household Financial Behaviour,Gross Domestic Savings,2013,34.47409912
Malaysia,MYS,Gross domestic savings (% of GDP),NY.GDS.TOTL.ZS,Household Financial Behaviour,Gross Domestic Savings,2014,34.2523745
Malaysia,MYS,Gross domestic savings (% of GDP),NY.GDS.TOTL.ZS,Household Financial Behaviour,Gross Domestic Savings,2015,32.95157254
Malaysia,MYS,Gross domestic savings (% of GDP),NY.GDS.TOTL.ZS,Household Financial Behaviour,Gross Domestic Savings,2016,32.64739288
Malaysia,MYS,Gross domestic savings (% of GDP),NY.GDS.TOTL.ZS,Household Financial Behaviour,Gross Domestic Savings,2017,32.4156551
Malaysia,MYS,Gross domestic savings (% of GDP),NY.GDS.TOTL.ZS,Household Financial Behaviour,Gross Domestic Savings,2018,30.6047373
Malaysia,MYS,Gross domestic savings (% of GDP),NY.GDS.TOTL.ZS,Household Financial Behaviour,Gross Domestic Savings,2019,28.57521205
Malaysia,MYS,Gross domestic savings (% of GDP),NY.GDS.TOTL.ZS,Household Financial Behaviour,Gross Domestic Savings,2020,26.02569753
Malaysia,MYS,Gross domestic savings (% of GDP),NY.GDS.TOTL.ZS,Household Financial Behaviour,Gross Domestic Savings,2021,29.35582487
Malaysia,MYS,Gross domestic savings (% of GDP),NY.GDS.TOTL.ZS,Household Financial Behaviour,Gross Domestic Savings,2022,30.77728237
Malaysia,MYS,Gross domestic savings (% of GDP),NY.GDS.TOTL.ZS,Household Financial Behaviour,Gross Domestic Savings,2023,27.56620451
Malaysia,MYS,Gross domestic savings (% of GDP),NY.GDS.TOTL.ZS,Household Financial Behaviour,Gross Domestic Savings,2024,27.27348191
Malaysia,MYS,Households and NPISHs Final consumption expenditure per capita (constant 2015 US$),NE.CON.PRVT.PC.KD,Household Financial Behaviour,Household Consumption,2000,2635.634458
Malaysia,MYS,Households and NPISHs Final consumption expenditure per capita (constant 2015 US$),NE.CON.PRVT.PC.KD,Household Financial Behaviour,Household Consumption,2001,2650.938833
Malaysia,MYS,Households and NPISHs Final consumption expenditure per capita (constant 2015 US$),NE.CON.PRVT.PC.KD,Household Financial Behaviour,Household Consumption,2002,2687.787831
Malaysia,MYS,Households and NPISHs Final consumption expenditure per capita (constant 2015 US$),NE.CON.PRVT.PC.KD,Household Financial Behaviour,Household Consumption,2003,2837.907988
Malaysia,MYS,Households and NPISHs Final consumption expenditure per capita (constant 2015 US$),NE.CON.PRVT.PC.KD,Household Financial Behaviour,Household Consumption,2004,3046.176266
Malaysia,MYS,Households and NPISHs Final consumption expenditure per capita (constant 2015 US$),NE.CON.PRVT.PC.KD,Household Financial Behaviour,Household Consumption,2005,3249.138199
Malaysia,MYS,Households and NPISHs Final consumption expenditure per capita (constant 2015 US$),NE.CON.PRVT.PC.KD,Household Financial Behaviour,Household Consumption,2006,3387.623439
Malaysia,MYS,Households and NPISHs Final consumption expenditure per capita (constant 2015 US$),NE.CON.PRVT.PC.KD,Household Financial Behaviour,Household Consumption,2007,3660.978577
Malaysia,MYS,Households and NPISHs Final consumption expenditure per capita (constant 2015 US$),NE.CON.PRVT.PC.KD,Household Financial Behaviour,Household Consumption,2008,3897.661887
Malaysia,MYS,Households and NPISHs Final consumption expenditure per capita (constant 2015 US$),NE.CON.PRVT.PC.KD,Household Financial Behaviour,Household Consumption,2009,3841.948955
Malaysia,MYS,Households and NPISHs Final consumption expenditure per capita (constant 2015 US$),NE.CON.PRVT.PC.KD,Household Financial Behaviour,Household Consumption,2010,4029.50311
Malaysia,MYS,Households and NPISHs Final consumption expenditure per capita (constant 2015 US$),NE.CON.PRVT.PC.KD,Household Financial Behaviour,Household Consumption,2011,4231.346892
Malaysia,MYS,Households and NPISHs Final consumption expenditure per capita (constant 2015 US$),NE.CON.PRVT.PC.KD,Household Financial Behaviour,Household Consumption,2012,4507.071302
Malaysia,MYS,Households and NPISHs Final consumption expenditure per capita (constant 2015 US$),NE.CON.PRVT.PC.KD,Household Financial Behaviour,Household Consumption,2013,4751.857062
Malaysia,MYS,Households and NPISHs Final consumption expenditure per capita (constant 2015 US$),NE.CON.PRVT.PC.KD,Household Financial Behaviour,Household Consumption,2014,4996.941863
Malaysia,MYS,Households and NPISHs Final consumption expenditure per capita (constant 2015 US$),NE.CON.PRVT.PC.KD,Household Financial Behaviour,Household Consumption,2015,5206.607725
Malaysia,MYS,Households and NPISHs Final consumption expenditure per capita (constant 2015 US$),NE.CON.PRVT.PC.KD,Household Financial Behaviour,Household Consumption,2016,5414.710642
Malaysia,MYS,Households and NPISHs Final consumption expenditure per capita (constant 2015 US$),NE.CON.PRVT.PC.KD,Household Financial Behaviour,Household Consumption,2017,5687.517091
Malaysia,MYS,Households and NPISHs Final consumption expenditure per capita (constant 2015 US$),NE.CON.PRVT.PC.KD,Household Financial Behaviour,Household Consumption,2018,6037.750905
Malaysia,MYS,Households and NPISHs Final consumption expenditure per capita (constant 2015 US$),NE.CON.PRVT.PC.KD,Household Financial Behaviour,Household Consumption,2019,6398.937275
Malaysia,MYS,Households and NPISHs Final consumption expenditure per capita (constant 2015 US$),NE.CON.PRVT.PC.KD,Household Financial Behaviour,Household Consumption,2020,6065.085249
Malaysia,MYS,Households and NPISHs Final consumption expenditure per capita (constant 2015 US$),NE.CON.PRVT.PC.KD,Household Financial Behaviour,Household Consumption,2021,6102.805227
Malaysia,MYS,Households and NPISHs Final consumption expenditure per capita (constant 2015 US$),NE.CON.PRVT.PC.KD,Household Financial Behaviour,Household Consumption,2022,6718.40374
Malaysia,MYS,Households and NPISHs Final consumption expenditure per capita (constant 2015 US$),NE.CON.PRVT.PC.KD,Household Financial Behaviour,Household Consumption,2023,6942.399307
Malaysia,MYS,Households and NPISHs Final consumption expenditure per capita (constant 2015 US$),NE.CON.PRVT.PC.KD,Household Financial Behaviour,Household Consumption,2024,7208.161951
Malaysia,MYS,Adjusted net national income per capita (constant 2015 US$),NY.ADJ.NNTY.PC.KD,Economic Well-being,Income per Capita,2000,4222.304132
Malaysia,MYS,Adjusted net national income per capita (constant 2015 US$),NY.ADJ.NNTY.PC.KD,Economic Well-being,Income per Capita,2001,3887.196756
Malaysia,MYS,Adjusted net national income per capita (constant 2015 US$),NY.ADJ.NNTY.PC.KD,Economic Well-being,Income per Capita,2002,4411.377312
Malaysia,MYS,Adjusted net national income per capita (constant 2015 US$),NY.ADJ.NNTY.PC.KD,Economic Well-being,Income per Capita,2003,4459.560707
Malaysia,MYS,Adjusted net national income per capita (constant 2015 US$),NY.ADJ.NNTY.PC.KD,Economic Well-being,Income per Capita,2004,5017.125942
Malaysia,MYS,Adjusted net national income per capita (constant 2015 US$),NY.ADJ.NNTY.PC.KD,Economic Well-being,Income per Capita,2005,4962.805372
Malaysia,MYS,Adjusted net national income per capita (constant 2015 US$),NY.ADJ.NNTY.PC.KD,Economic Well-being,Income per Capita,2006,5366.690199
Malaysia,MYS,Adjusted net national income per capita (constant 2015 US$),NY.ADJ.NNTY.PC.KD,Economic Well-being,Income per Capita,2007,5787.655228
Malaysia,MYS,Adjusted net national income per capita (constant 2015 US$),NY.ADJ.NNTY.PC.KD,Economic Well-being,Income per Capita,2008,6091.046682
Malaysia,MYS,Adjusted net national income per capita (constant 2015 US$),NY.ADJ.NNTY.PC.KD,Economic Well-being,Income per Capita,2009,5575.516045
Malaysia,MYS,Adjusted net national income per capita (constant 2015 US$),NY.ADJ.NNTY.PC.KD,Economic Well-being,Income per Capita,2010,6123.00817
Malaysia,MYS,Adjusted net national income per capita (constant 2015 US$),NY.ADJ.NNTY.PC.KD,Economic Well-being,Income per Capita,2011,6484.742194
Malaysia,MYS,Adjusted net national income per capita (constant 2015 US$),NY.ADJ.NNTY.PC.KD,Economic Well-being,Income per Capita,2012,6560.879984
Malaysia,MYS,Adjusted net national income per capita (constant 2015 US$),NY.ADJ.NNTY.PC.KD,Economic Well-being,Income per Capita,2013,6556.012913
Malaysia,MYS,Adjusted net national income per capita (constant 2015 US$),NY.ADJ.NNTY.PC.KD,Economic Well-being,Income per Capita,2014,6603.148634
Malaysia,MYS,Adjusted net national income per capita (constant 2015 US$),NY.ADJ.NNTY.PC.KD,Economic Well-being,Income per Capita,2015,7018.848649
Malaysia,MYS,Adjusted net national income per capita (constant 2015 US$),NY.ADJ.NNTY.PC.KD,Economic Well-being,Income per Capita,2016,7190.634589
Malaysia,MYS,Adjusted net national income per capita (constant 2015 US$),NY.ADJ.NNTY.PC.KD,Economic Well-being,Income per Capita,2017,7419.794771
Malaysia,MYS,Adjusted net national income per capita (constant 2015 US$),NY.ADJ.NNTY.PC.KD,Economic Well-being,Income per Capita,2018,7467.782682
Malaysia,MYS,Adjusted net national income per capita (constant 2015 US$),NY.ADJ.NNTY.PC.KD,Economic Well-being,Income per Capita,2019,7863.871552
Malaysia,MYS,Adjusted net national income per capita (constant 2015 US$),NY.ADJ.NNTY.PC.KD,Economic Well-being,Income per Capita,2020,7471.263747
Malaysia,MYS,Adjusted net national income per capita (constant 2015 US$),NY.ADJ.NNTY.PC.KD,Economic Well-being,Income per Capita,2021,7437.761732
Malaysia,MYS,"Inflation, consumer prices (annual %)",FP.CPI.TOTL.ZG,Economic Well-being,Inflation,2000,1.534740237
Malaysia,MYS,"Inflation, consumer prices (annual %)",FP.CPI.TOTL.ZG,Economic Well-being,Inflation,2001,1.416784732
Malaysia,MYS,"Inflation, consumer prices (annual %)",FP.CPI.TOTL.ZG,Economic Well-being,Inflation,2002,1.807872463
Malaysia,MYS,"Inflation, consumer prices (annual %)",FP.CPI.TOTL.ZG,Economic Well-being,Inflation,2003,1.089676326
Malaysia,MYS,"Inflation, consumer prices (annual %)",FP.CPI.TOTL.ZG,Economic Well-being,Inflation,2004,1.421271159
Malaysia,MYS,"Inflation, consumer prices (annual %)",FP.CPI.TOTL.ZG,Economic Well-being,Inflation,2005,2.975070927
Malaysia,MYS,"Inflation, consumer prices (annual %)",FP.CPI.TOTL.ZG,Economic Well-being,Inflation,2006,3.609235642
Malaysia,MYS,"Inflation, consumer prices (annual %)",FP.CPI.TOTL.ZG,Economic Well-being,Inflation,2007,2.027353178
Malaysia,MYS,"Inflation, consumer prices (annual %)",FP.CPI.TOTL.ZG,Economic Well-being,Inflation,2008,5.440782211
Malaysia,MYS,"Inflation, consumer prices (annual %)",FP.CPI.TOTL.ZG,Economic Well-being,Inflation,2009,0.583308406
Malaysia,MYS,"Inflation, consumer prices (annual %)",FP.CPI.TOTL.ZG,Economic Well-being,Inflation,2010,1.622852356
Malaysia,MYS,"Inflation, consumer prices (annual %)",FP.CPI.TOTL.ZG,Economic Well-being,Inflation,2011,3.174470922
Malaysia,MYS,"Inflation, consumer prices (annual %)",FP.CPI.TOTL.ZG,Economic Well-being,Inflation,2012,1.663571025
Malaysia,MYS,"Inflation, consumer prices (annual %)",FP.CPI.TOTL.ZG,Economic Well-being,Inflation,2013,2.105012312
Malaysia,MYS,"Inflation, consumer prices (annual %)",FP.CPI.TOTL.ZG,Economic Well-being,Inflation,2014,3.142990509
Malaysia,MYS,"Inflation, consumer prices (annual %)",FP.CPI.TOTL.ZG,Economic Well-being,Inflation,2015,2.104389802
Malaysia,MYS,"Inflation, consumer prices (annual %)",FP.CPI.TOTL.ZG,Economic Well-being,Inflation,2016,2.090566595
Malaysia,MYS,"Inflation, consumer prices (annual %)",FP.CPI.TOTL.ZG,Economic Well-being,Inflation,2017,3.871201158
Malaysia,MYS,"Inflation, consumer prices (annual %)",FP.CPI.TOTL.ZG,Economic Well-being,Inflation,2018,0.884709161
Malaysia,MYS,"Inflation, consumer prices (annual %)",FP.CPI.TOTL.ZG,Economic Well-being,Inflation,2019,0.662891866
Malaysia,MYS,"Inflation, consumer prices (annual %)",FP.CPI.TOTL.ZG,Economic Well-being,Inflation,2020,-1.138702154
Malaysia,MYS,"Inflation, consumer prices (annual %)",FP.CPI.TOTL.ZG,Economic Well-being,Inflation,2021,2.477102415
Malaysia,MYS,"Inflation, consumer prices (annual %)",FP.CPI.TOTL.ZG,Economic Well-being,Inflation,2022,3.378698625
Malaysia,MYS,"Inflation, consumer prices (annual %)",FP.CPI.TOTL.ZG,Economic Well-being,Inflation,2023,2.488865601
Malaysia,MYS,"Inflation, consumer prices (annual %)",FP.CPI.TOTL.ZG,Economic Well-being,Inflation,2024,1.834100204
Malaysia,MYS,Lending interest rate (%),FR.INR.LEND,Financial System Support,Lending Rate,2000,7.673333333
Malaysia,MYS,Lending interest rate (%),FR.INR.LEND,Financial System Support,Lending Rate,2001,7.126666667
Malaysia,MYS,Lending interest rate (%),FR.INR.LEND,Financial System Support,Lending Rate,2002,6.528333333
Malaysia,MYS,Lending interest rate (%),FR.INR.LEND,Financial System Support,Lending Rate,2003,6.300833333
Malaysia,MYS,Lending interest rate (%),FR.INR.LEND,Financial System Support,Lending Rate,2004,6.045833333
Malaysia,MYS,Lending interest rate (%),FR.INR.LEND,Financial System Support,Lending Rate,2005,5.9525
Malaysia,MYS,Lending interest rate (%),FR.INR.LEND,Financial System Support,Lending Rate,2006,6.485833333
Malaysia,MYS,Lending interest rate (%),FR.INR.LEND,Financial System Support,Lending Rate,2007,6.409166667
Malaysia,MYS,Lending interest rate (%),FR.INR.LEND,Financial System Support,Lending Rate,2008,6.08
Malaysia,MYS,Lending interest rate (%),FR.INR.LEND,Financial System Support,Lending Rate,2009,5.084166667
Malaysia,MYS,Lending interest rate (%),FR.INR.LEND,Financial System Support,Lending Rate,2010,5.0
Malaysia,MYS,Lending interest rate (%),FR.INR.LEND,Financial System Support,Lending Rate,2011,4.915
Malaysia,MYS,Lending interest rate (%),FR.INR.LEND,Financial System Support,Lending Rate,2012,4.785833333
Malaysia,MYS,Lending interest rate (%),FR.INR.LEND,Financial System Support,Lending Rate,2013,4.6498
Malaysia,MYS,Lending interest rate (%),FR.INR.LEND,Financial System Support,Lending Rate,2014,4.587025
Malaysia,MYS,Lending interest rate (%),FR.INR.LEND,Financial System Support,Lending Rate,2015,4.565375
Malaysia,MYS,Lending interest rate (%),FR.INR.LEND,Financial System Support,Lending Rate,2016,4.531066667
Malaysia,MYS,Lending interest rate (%),FR.INR.LEND,Financial System Support,Lending Rate,2017,4.608078086
Malaysia,MYS,Lending interest rate (%),FR.INR.LEND,Financial System Support,Lending Rate,2018,4.928440385
Malaysia,MYS,Lending interest rate (%),FR.INR.LEND,Financial System Support,Lending Rate,2019,4.876892949
Malaysia,MYS,Lending interest rate (%),FR.INR.LEND,Financial System Support,Lending Rate,2020,3.944207692
Malaysia,MYS,Lending interest rate (%),FR.INR.LEND,Financial System Support,Lending Rate,2021,3.444106404
Malaysia,MYS,Lending interest rate (%),FR.INR.LEND,Financial System Support,Lending Rate,2022,3.908026667
Malaysia,MYS,Lending interest rate (%),FR.INR.LEND,Financial System Support,Lending Rate,2023,5.317375006
Malaysia,MYS,Lending interest rate (%),FR.INR.LEND,Financial System Support,Lending Rate,2024,5.282681
Malaysia,MYS,Bank nonperforming loans to total gross loans (%),FB.AST.NPER.ZS,Financial System Support,Non-performing Loans,2005,9.390239522
Malaysia,MYS,Bank nonperforming loans to total gross loans (%),FB.AST.NPER.ZS,Financial System Support,Non-performing Loans,2006,8.495598649
Malaysia,MYS,Bank nonperforming loans to total gross loans (%),FB.AST.NPER.ZS,Financial System Support,Non-performing Loans,2007,6.498810578
Malaysia,MYS,Bank nonperforming loans to total gross loans (%),FB.AST.NPER.ZS,Financial System Support,Non-performing Loans,2008,4.808180972
Malaysia,MYS,Bank nonperforming loans to total gross loans (%),FB.AST.NPER.ZS,Financial System Support,Non-performing Loans,2009,3.626565493
Malaysia,MYS,Bank nonperforming loans to total gross loans (%),FB.AST.NPER.ZS,Financial System Support,Non-performing Loans,2010,3.354026707
Malaysia,MYS,Bank nonperforming loans to total gross loans (%),FB.AST.NPER.ZS,Financial System Support,Non-performing Loans,2011,2.681390308
Malaysia,MYS,Bank nonperforming loans to total gross loans (%),FB.AST.NPER.ZS,Financial System Support,Non-performing Loans,2012,2.015843113
Malaysia,MYS,Bank nonperforming loans to total gross loans (%),FB.AST.NPER.ZS,Financial System Support,Non-performing Loans,2013,1.849146571
Malaysia,MYS,Bank nonperforming loans to total gross loans (%),FB.AST.NPER.ZS,Financial System Support,Non-performing Loans,2014,1.64578546
Malaysia,MYS,Bank nonperforming loans to total gross loans (%),FB.AST.NPER.ZS,Financial System Support,Non-performing Loans,2015,1.606828288
Malaysia,MYS,Bank nonperforming loans to total gross loans (%),FB.AST.NPER.ZS,Financial System Support,Non-performing Loans,2016,1.614268256
Malaysia,MYS,Bank nonperforming loans to total gross loans (%),FB.AST.NPER.ZS,Financial System Support,Non-performing Loans,2017,1.549187227
Malaysia,MYS,Bank nonperforming loans to total gross loans (%),FB.AST.NPER.ZS,Financial System Support,Non-performing Loans,2018,1.468190965
Malaysia,MYS,Bank nonperforming loans to total gross loans (%),FB.AST.NPER.ZS,Financial System Support,Non-performing Loans,2019,1.516120898
Malaysia,MYS,Bank nonperforming loans to total gross loans (%),FB.AST.NPER.ZS,Financial System Support,Non-performing Loans,2020,1.567126711
Malaysia,MYS,Bank nonperforming loans to total gross loans (%),FB.AST.NPER.ZS,Financial System Support,Non-performing Loans,2021,1.67512095
Malaysia,MYS,Bank nonperforming loans to total gross loans (%),FB.AST.NPER.ZS,Financial System Support,Non-performing Loans,2022,1.718624666
Malaysia,MYS,Bank nonperforming loans to total gross loans (%),FB.AST.NPER.ZS,Financial System Support,Non-performing Loans,2023,1.653155801
Malaysia,MYS,"Unemployment, total (% of total labor force) (modeled ILO estimate)",SL.UEM.TOTL.ZS,Economic Well-being,Unemployment,2000,3.0
Malaysia,MYS,"Unemployment, total (% of total labor force) (modeled ILO estimate)",SL.UEM.TOTL.ZS,Economic Well-being,Unemployment,2001,3.53
Malaysia,MYS,"Unemployment, total (% of total labor force) (modeled ILO estimate)",SL.UEM.TOTL.ZS,Economic Well-being,Unemployment,2002,3.48
Malaysia,MYS,"Unemployment, total (% of total labor force) (modeled ILO estimate)",SL.UEM.TOTL.ZS,Economic Well-being,Unemployment,2003,3.61
Malaysia,MYS,"Unemployment, total (% of total labor force) (modeled ILO estimate)",SL.UEM.TOTL.ZS,Economic Well-being,Unemployment,2004,3.54
Malaysia,MYS,"Unemployment, total (% of total labor force) (modeled ILO estimate)",SL.UEM.TOTL.ZS,Economic Well-being,Unemployment,2005,3.53
Malaysia,MYS,"Unemployment, total (% of total labor force) (modeled ILO estimate)",SL.UEM.TOTL.ZS,Economic Well-being,Unemployment,2006,3.32
Malaysia,MYS,"Unemployment, total (% of total labor force) (modeled ILO estimate)",SL.UEM.TOTL.ZS,Economic Well-being,Unemployment,2007,3.31
Malaysia,MYS,"Unemployment, total (% of total labor force) (modeled ILO estimate)",SL.UEM.TOTL.ZS,Economic Well-being,Unemployment,2008,3.34
Malaysia,MYS,"Unemployment, total (% of total labor force) (modeled ILO estimate)",SL.UEM.TOTL.ZS,Economic Well-being,Unemployment,2009,3.62
Malaysia,MYS,"Unemployment, total (% of total labor force) (modeled ILO estimate)",SL.UEM.TOTL.ZS,Economic Well-being,Unemployment,2010,3.32
Malaysia,MYS,"Unemployment, total (% of total labor force) (modeled ILO estimate)",SL.UEM.TOTL.ZS,Economic Well-being,Unemployment,2011,3.05
Malaysia,MYS,"Unemployment, total (% of total labor force) (modeled ILO estimate)",SL.UEM.TOTL.ZS,Economic Well-being,Unemployment,2012,3.04
Malaysia,MYS,"Unemployment, total (% of total labor force) (modeled ILO estimate)",SL.UEM.TOTL.ZS,Economic Well-being,Unemployment,2013,3.14
Malaysia,MYS,"Unemployment, total (% of total labor force) (modeled ILO estimate)",SL.UEM.TOTL.ZS,Economic Well-being,Unemployment,2014,2.88
Malaysia,MYS,"Unemployment, total (% of total labor force) (modeled ILO estimate)",SL.UEM.TOTL.ZS,Economic Well-being,Unemployment,2015,3.1
Malaysia,MYS,"Unemployment, total (% of total labor force) (modeled ILO estimate)",SL.UEM.TOTL.ZS,Economic Well-being,Unemployment,2016,3.44
Malaysia,MYS,"Unemployment, total (% of total labor force) (modeled ILO estimate)",SL.UEM.TOTL.ZS,Economic Well-being,Unemployment,2017,3.41
Malaysia,MYS,"Unemployment, total (% of total labor force) (modeled ILO estimate)",SL.UEM.TOTL.ZS,Economic Well-being,Unemployment,2018,3.3
Malaysia,MYS,"Unemployment, total (% of total labor force) (modeled ILO estimate)",SL.UEM.TOTL.ZS,Economic Well-being,Unemployment,2019,3.33
Malaysia,MYS,"Unemployment, total (% of total labor force) (modeled ILO estimate)",SL.UEM.TOTL.ZS,Economic Well-being,Unemployment,2020,4.54
Malaysia,MYS,"Unemployment, total (% of total labor force) (modeled ILO estimate)",SL.UEM.TOTL.ZS,Economic Well-being,Unemployment,2021,4.64
Malaysia,MYS,"Unemployment, total (% of total labor force) (modeled ILO estimate)",SL.UEM.TOTL.ZS,Economic Well-being,Unemployment,2022,3.93
Malaysia,MYS,"Unemployment, total (% of total labor force) (modeled ILO estimate)",SL.UEM.TOTL.ZS,Economic Well-being,Unemployment,2023,3.858
Malaysia,MYS,"Unemployment, total (% of total labor force) (modeled ILO estimate)",SL.UEM.TOTL.ZS,Economic Well-being,Unemployment,2024,3.846
